Date,AMZN,WMT,NVDA,TSLA,PG,NKE,AAPL,MSFT,FB,JNJ,PFE,MRK,GOOGL,BRK,V,Equal_Weighted,Cnsmr,Manuf,HiTec,Hlth,Other,SNP
2012-06-01,0.072518915,0.059252595,0.111826487,0.060677931,-0.016696117,-0.188574346,0.010852672,0.04796166,0.050675675,0.082171966,0.051669078,0.123105088,-0.001360124,0.05128313,0.073177439,0.039236137,0.0204,0.0323,0.0377,0.068,0.0476,0.039554982
2012-07-01,0.021677236,0.06755593,-0.020260133,-0.12368164,0.062854862,0.0634539,0.045822589,-0.036613278,-0.301929298,0.024570692,0.045217443,0.057963971,0.091195874,0.020008804,0.044002331,0.004122619,0.0124,0.0206,0.0048,0.0165,-0.0098,0.012597574
2012-08-01,0.064166314,-0.019312005,0.036188491,0.040116663,0.041059509,0.058399676,0.09387603,0.052737743,-0.168125277,-0.01700755,0.001679082,-0.025356516,0.082341991,-0.006944172,-0.004667523,0.01527683,0.0182,0.0182,0.0375,0.0097,0.0278,0.01976337
2012-09-01,0.024368643,0.016529105,-0.049180395,0.026647958,0.032296613,-0.025163946,0.002796254,-0.034393638,0.199335575,0.021948696,0.04149232,0.057593963,0.101315177,0.048514539,0.047017602,0.034074564,0.0166,0.0246,0.0229,0.0471,0.038,0.024236154
2012-10-01,-0.084263948,0.016531182,-0.101949055,-0.03927596,0.006467131,-0.037193586,-0.107600476,-0.040994447,-0.025392393,0.027717192,0.000804634,0.011751332,-0.098343298,-0.024076865,0.033363107,-0.030830363,-0.0078,-0.0082,-0.054,-0.0189,0.0065,-0.01978941
2012-11-01,0.082270616,-0.039989233,0.00561162,0.202275156,0.008521383,0.06675427,-0.012374358,-0.0596094,0.326385561,-0.006684171,0.015069053,-0.029146937,0.02656188,0.018617042,0.081418489,0.045712065,0.0225,0.0001,0.0146,0.015,-0.0003,0.002846717
2012-12-01,-0.004681642,-0.047367045,0.024227645,0.001478449,-0.027781856,0.077205692,-0.090742896,0.003380748,-0.049285684,0.00530621,0.002397901,-0.066982549,0.012901417,0.016252767,0.012491045,-0.008746653,-0.0089,0.018,0.0044,-0.0053,0.0343,0.007068231
2013-01-01,0.058317077,0.025208974,0,0.107469688,0.116060987,0.047480483,-0.144089259,0.027704964,0.163786573,0.054493921,0.097225869,0.056424232,0.068294327,0.08813218,0.041759575,0.053884639,0.0522,0.0649,0.0308,0.0807,0.0695,0.050428096
2013-02-01,-0.00463281,0.01186537,0.038961456,-0.071447585,0.013570954,0.015434003,-0.025286113,0.021135562,-0.120400245,0.037862424,0.003299168,-0.012023074,0.060223087,0.046101114,0.00674213,0.001427029,0.0166,0.0108,0.0094,0.0135,0.018,0.011060649
2013-03-01,0.008400504,0.064040309,0.013427879,0.087855295,0.011551416,0.083547673,0.002854461,0.029136555,-0.061284406,0.071212666,0.05443909,0.044372559,-0.008749391,0.024115334,0.070600071,0.033034668,0.0478,0.0288,0.0338,0.065,0.0402,0.035987724
2013-04-01,-0.047581497,0.038620535,0.073265872,0.424914257,0.003555925,0.077783449,0.000271093,0.156938075,0.085613782,0.045381861,0.007276398,0.063348715,0.038252798,0.017404658,-0.008125209,0.065128048,0.0317,0.007,0.0142,0.0258,0.0084,0.018085768
2013-05-01,0.060635967,-0.031280153,0.056172923,0.810705634,-0.000130069,-0.023989197,0.022419457,0.061774249,-0.123154484,-0.004895063,-0.055486987,-0.006383128,0.056574967,0.077358491,0.059400095,0.063981514,0.0112,0.0151,0.0284,0.0163,0.0604,0.020762812
2013-06-01,0.031537852,-0.00467643,-0.029716554,0.098199676,0.00299659,0.03276033,-0.118293282,-0.010315162,0.021765863,0.019957186,0.028644914,0.003781758,0.010502537,-0.015761821,0.025878438,0.006484126,-0.0005,-0.0171,-0.0164,-0.0136,-0.0117,-0.014999302
2013-07-01,0.084734771,0.046314891,0.028489716,0.250745191,0.050804962,-0.011934689,0.141225096,-0.078170215,0.479099698,0.088982257,0.052065796,0.037029161,0.008382773,0.03143535,-0.031408728,0.078519735,0.0506,0.054,0.0546,0.0787,0.0544,0.04946208
2013-08-01,-0.067193381,-0.057952911,0.026618566,0.258564124,-0.030012612,0.005072099,0.083767173,0.056386802,0.122010918,-0.068866001,-0.034895684,-0.018268978,-0.046015184,-0.039390454,-0.012814504,0.011800665,-0.0383,-0.0231,-0.0078,-0.0381,-0.0364,-0.031298019
2013-09-01,0.112677067,0.013428544,0.054915197,0.144201203,-0.029528774,0.15631967,-0.021489375,-0.003592886,0.216517278,0.003240352,0.018433145,0.015840738,0.034254367,0.020113738,0.095631603,0.055397458,0.0375,0.0341,0.0392,0.0401,0.038,0.029749523
2013-10-01,0.164374302,0.037722799,-0.023778754,-0.172880978,0.076615231,0.042951336,0.096382001,0.064002356,-0.000398178,0.068289534,0.068221377,-0.052930177,0.176582001,0.015163429,0.029146676,0.03929753,0.0457,0.044,0.0433,0.0382,0.0378,0.044595753
2013-11-01,0.0812845,0.055505087,0.032553334,-0.204201617,0.04297202,0.044614688,0.070052497,0.084981136,-0.063732341,0.029271555,0.041891534,0.105123134,0.028149221,0.010150641,0.03661628,0.026348778,0.0266,0.0146,0.0283,0.045,0.0459,0.028049471
2013-12-01,0.013134529,-0.02298383,0.026923054,0.18188251,-0.033364621,-7.16E-05,0.00890196,-0.018883099,0.162518687,-0.032432136,-0.034667481,0.013525281,0.057682662,0.018025751,0.094465759,0.02897716,0.0111,0.0284,0.0408,0.0065,0.031,0.023562792
2014-01-01,-0.10055419,-0.050959574,-0.019975032,0.205942995,-0.051718401,-0.073626704,-0.107696959,0.011494333,0.144922195,-0.03406478,-0.007508865,0.05834192,0.053769481,-0.047155705,-0.03255802,-0.003423154,-0.0594,-0.0422,-0.0179,0.0165,-0.0441,-0.035582906
2014-02-01,0.009506827,0.000267922,0.175986614,0.349484587,0.026624712,0.081430511,0.057511037,0.020012883,0.09413456,0.048749562,0.065057774,0.075891791,0.029365698,0.024759455,0.05067663,0.073964038,0.049,0.0511,0.0471,0.0647,0.0345,0.04311703
2014-03-01,-0.071057748,0.029760158,-0.025571047,-0.148523404,0.024663244,-0.056704923,0.019953028,0.069955941,-0.120070078,0.066326647,0.000311284,0.003915148,-0.083198267,0.078534092,-0.044613932,-0.017087991,0.0074,0.0142,-0.0064,-0.0256,0.0229,0.006932165
2014-04-01,-0.095846808,0.042914839,0.031267358,-0.002686484,0.032376283,-0.012320637,0.099396344,-0.014394058,-0.00763617,0.031151378,-0.026151874,0.031530621,-0.041112,0.0316253,-0.061382115,0.002582132,0.0002,0.0301,-0.0088,-0.003,-0.0162,0.006200789
2014-05-01,0.027685473,-0.030920696,0.033432926,-0.000577187,-0.021320735,0.060960723,0.078709056,0.020515134,0.058882578,0.008659547,-0.04430629,-0.01195349,0.068744427,-0.006596818,0.06231637,0.020282068,0.0182,0.0092,0.0356,0.0188,0.0177,0.02103028
2014-06-01,0.039129776,-0.022144126,-0.024210393,0.155412236,-0.027230623,0.008321322,0.027661897,0.018563852,0.063033203,0.031145097,0.001687448,0.007363952,0.022776101,-0.0109375,-0.019177661,0.018092972,0.0153,0.03,0.0268,0.0286,0.0214,0.019058332
2014-07-01,-0.036301523,-0.019848002,-0.056094707,-0.069815903,-0.008300706,-0.005415302,0.028731236,0.035012053,0.079655232,-0.043299567,-0.024487596,-0.019187412,-0.008757069,-0.009352291,0.001423445,-0.010402541,-0.0325,-0.0434,0.0035,-0.0034,-0.0218,-0.015079831
2014-08-01,0.083229557,0.03285415,0.116344787,0.207792181,0.074883726,0.030856742,0.077508781,0.059169167,0.02986921,0.043377237,0.02404187,0.059393623,0.004848585,0.094384555,0.009075426,0.063175307,0.053,0.0396,0.0346,0.0543,0.044,0.037655296
2014-09-01,-0.048961791,0.012847423,-0.051413787,-0.100185381,0.00758025,0.135582498,-0.017073135,0.020470926,0.056402048,0.027571577,0.006124326,-0.006614249,0.010388742,0.004954342,0.003999749,0.004111569,-0.0169,-0.0454,-0.0138,-0.0008,-0.0104,-0.015513837
2014-10-01,-0.052660994,-0.00261528,0.059078563,-0.004038222,0.050147286,0.042264794,0.071960422,0.012726667,-0.051239917,0.011164303,0.01285104,-0.022604684,-0.034907597,0.014983084,0.131508737,0.01590788,0.0296,0.0072,0.0133,0.0576,0.0327,0.023201461
2014-11-01,0.108623139,0.147764374,0.077724601,0.011667339,0.036209699,0.067978835,0.105978713,0.024740461,0.036138141,0.010901925,0.049074598,0.042457621,-0.033088521,0.062214286,0.07147913,0.054657623,0.0626,-0.0204,0.04,0.0266,0.0275,0.024533589
2014-12-01,-0.083540064,-0.013482125,-0.043871831,-0.090422071,0.007298264,-0.02603967,-0.071891011,-0.028446457,0.0041184,-0.03399528,0,-0.052660679,-0.033547103,0.0131576,0.01553103,-0.029186066,0.0008,0.0035,-0.0138,-0.0088,0.0113,-0.004188588
2015-01-01,0.142355379,-0.010479823,-0.042394136,-0.084573476,-0.068069821,-0.040561787,0.061424295,-0.130247333,-0.027044259,-0.042364088,0.003210314,0.06145452,0.01298386,-0.044845133,-0.027803089,-0.015796972,-0.0072,-0.0311,-0.0363,0.0156,-0.0612,-0.031040806
2015-02-01,0.072292909,-0.012355792,0.153382377,-0.001277062,0.009965416,0.058916396,0.100776617,0.0931202,0.04031086,0.030832714,0.107927978,-0.028865351,0.046656158,0.02462187,0.066271441,0.050838449,0.0558,0.0383,0.0844,0.0431,0.0686,0.054892511
2015-03-01,-0.021201593,-0.014130661,-0.05122371,-0.071653332,-0.037471888,0.033051727,-0.031371805,-0.072747809,0.041154868,-0.018632442,0.013694838,-0.010161653,-0.014094507,-0.016638032,-0.03564237,-0.020471225,-0.0049,-0.0191,-0.024,0.0084,-0.0075,-0.017396107
2015-04-01,0.133512475,-0.051063721,0.060678143,0.197488932,-0.021850987,-0.014850839,0.005786288,0.196261464,-0.041960649,-0.013916647,-0.024719956,0.03618651,-0.01069045,-0.018850575,0.009784694,0.029452979,-0.0105,0.0179,0.0176,-0.014,0.0051,0.00852082
2015-05-01,0.017663266,-0.042424961,0.00146083,0.10948907,-0.014086232,0.034263919,0.045339391,-0.030334115,0.005332053,0.016837407,0.032641586,0.022330328,-0.006286809,0.00656045,0.041637831,0.016028268,0.0114,-0.0116,0.0179,0.0488,0.0175,0.010491382
2015-06-01,0.011322567,-0.044970882,-0.091278504,0.069617237,-0.001913993,0.062456938,-0.037227681,-0.057831997,0.083091224,-0.02676268,-0.035107933,-0.05792349,-0.009682442,-0.04632216,-0.02227721,-0.013654067,-0.0092,-0.0307,-0.0288,0.0008,-0.0035,-0.021011672
2015-07-01,0.235112601,0.014803113,-0.00795624,-0.00786552,-0.011655212,0.066654402,-0.032926718,0.057757826,0.096070955,0.028216765,0.075455014,0.035657958,0.217502457,0.044666829,0.121965887,0.062230675,0.042,-0.0328,0.022,0.0366,0.02,0.019742029
2015-08-01,-0.043383398,-0.09458183,0.13155796,-0.064211897,-0.07861826,-0.030116413,-0.066196073,-0.061949188,-0.04871824,-0.054995235,-0.099506821,-0.086668902,-0.014722422,-0.053593458,-0.052072758,-0.047851796,-0.05,-0.0474,-0.064,-0.0834,-0.0623,-0.062580818
2015-09-01,-0.001949736,0.001699305,0.096530336,-0.002649963,0.017971029,0.105997837,-0.0218164,0.017003898,0.005255521,-0.006703631,-0.025139686,-0.074926619,-0.014587404,-0.035999427,-0.023001701,0.002512224,-0.0151,-0.0396,-0.017,-0.0729,-0.0311,-0.026442831
2015-10-01,0.222723645,-0.117211557,0.150912642,-0.166948443,0.071260388,0.065544173,0.083408945,0.189335612,0.134260284,0.082271014,0.076727162,0.106701655,0.155113837,0.047920508,0.113695183,0.08104767,0.0543,0.0869,0.098,0.0772,0.065,0.082983118
2015-11-01,0.062150442,0.027952641,0.122328191,0.112743352,-0.020162375,0.009539914,-0.005804473,0.039444015,0.022261416,0.009465769,-0.023226098,-0.030186573,0.03452713,-0.015816536,0.020262984,0.02436532,0.0029,-0.0008,0.0057,0.0072,0.0117,0.000504869
2015-12-01,0.016681749,0.050534431,0.039092044,0.042343456,0.061063723,-0.050442357,-0.110228119,0.020791427,0.004029219,0.014618549,-0.014952726,0.00502658,0.019872891,-0.017679778,-0.018478743,0.00415149,0.0013,-0.0466,-0.0259,0.0038,-0.0269,-0.017530185
2016-01-01,-0.131515502,0.082544846,-0.11134708,-0.203366473,0.037678107,-0.007840109,-0.075242294,-0.007029578,0.072138306,0.016744774,-0.055452145,-0.040704219,-0.02141365,-0.017391304,-0.039458477,-0.033443653,-0.033,-0.0346,-0.0505,-0.094,-0.0824,-0.050735322
2016-02-01,-0.058739319,-0.000301345,0.074573423,0.003817989,-0.017137961,-0.006773121,-0.001287397,-0.06978928,-0.047143757,0.014673168,-0.017110946,-0.009078543,-0.057962837,0.042164026,-0.024275233,-0.011624742,0.0051,0.0139,-0.0051,-0.0106,-0.0008,-0.00412836
2016-03-01,0.074422634,0.040051812,0.13616043,0.197155126,0.025158766,0.000624895,0.127210553,0.085495245,0.067153016,0.028418874,-0.001011019,0.06299333,0.063690437,0.05378786,0.056499617,0.067854105,0.0581,0.081,0.0791,0.0292,0.0706,0.065991114
2016-04-01,0.111094284,-0.023653134,-0.002806422,0.047830481,-0.018632875,-0.04115823,-0.139921107,-0.097048778,0.030499592,0.035859887,0.103576111,0.036476843,-0.072119567,0.026001405,0.009937276,0.000395718,-0.0013,0.0349,-0.0306,0.0356,0.023,0.002699398
2016-05-01,0.095817021,0.066221426,0.318359776,-0.072811108,0.01148282,-0.063115065,0.071772857,0.070196546,0.010460926,0.012621117,0.070337683,0.025893816,0.057877,-0.033356164,0.023819286,0.044371862,0.0074,-0.0019,0.0409,0.0247,0.0091,0.015324603
2016-06-01,-0.00991987,0.031647469,0.006207181,-0.049052516,0.044792549,0.00255809,-0.042659723,-0.034528232,-0.038128094,0.076404594,0.014697375,0.032354756,-0.060519393,0.024941543,-0.060425928,-0.00410868,0.0173,0.0265,-0.009,0.0014,-0.0271,0.000910921
2016-07-01,0.060353264,-0.000684658,0.214634958,0.106039164,0.018787233,0.005434667,0.090062628,0.107680108,0.084529259,0.032398753,0.047713828,0.018225861,0.124813432,-0.004493605,0.052312499,0.063853826,0.0246,0.0121,0.0665,0.0601,0.0356,0.035609801
2016-08-01,0.013639746,-0.014265869,0.076235284,-0.097022866,0.020095623,0.038558612,0.023651828,0.020080056,0.017589158,-0.040676342,-0.048813234,0.070405931,-0.001882947,0.045185185,0.038314057,0.010739615,-0.01,0.0037,0.0078,-0.0321,0.0336,-0.001219243
2016-09-01,0.088603186,0.009518932,0.11705262,-0.037639749,0.02794654,-0.081518895,0.065504511,0.002436467,0.017047268,-0.010138986,-0.026724417,0.001236537,0.017990786,-0.042257264,0.022249337,0.011420458,-0.0144,0.0105,0.0203,0.0035,-0.0125,-0.001234451
2016-10-01,-0.056717333,-0.029118709,0.03852903,-0.030877771,-0.025402146,-0.046913555,0.004334248,0.040277801,0.021205279,-0.018115591,-0.063773126,-0.059124966,0.007263173,-0.002404958,-0.002297549,-0.014875745,-0.0252,-0.0231,-0.0146,-0.0744,0.0059,-0.019425679
2016-11-01,-0.049694867,0.005855823,0.297611286,-0.042128162,-0.050000054,-0.002192007,-0.021600939,0.012468139,-0.095961576,-0.03380354,0.023669207,0.042064025,-0.042005209,0.098748261,-0.060929431,0.005473397,0.0153,0.0529,0.0165,0.0138,0.1127,0.034174522
2016-12-01,-0.000932641,-0.011576022,0.157700651,0.128247037,0.019645768,0.018841513,0.047955177,0.031198059,-0.02845799,0.035130084,0.010578583,-0.030532427,0.021356405,0.030046414,0.009053357,0.029216931,0.0133,0.0157,0.0162,0.0085,0.0294,0.018200762
2017-01-01,0.098163663,-0.034433124,0.022859297,0.178950882,0.050121871,0.040723873,0.047746451,0.040392737,0.132724936,-0.01701226,-0.023091063,0.052998354,0.03500535,0.007615076,0.060112844,0.046191926,0.0137,0.0068,0.0443,0.0221,0.0102,0.017884358
2017-02-01,0.026181569,0.062781453,-0.069352624,-0.007700561,0.039612113,0.080529347,0.133777891,-0.004363986,0.040055139,0.086257432,0.086278508,0.062590661,0.030163731,0.045206927,0.065256862,0.045151631,0.0299,0.0226,0.0395,0.071,0.0372,0.03719816
2017-03-01,0.049110103,0.023685084,0.073413529,0.113244502,-0.013396496,-0.021979601,0.048689829,0.029384346,0.048030176,0.019147495,0.00263768,-0.028411592,0.003396725,-0.028199144,0.010575437,0.021955205,0.0078,-0.0018,0.0191,-0.0015,-0.0167,-0.000389197
2017-04-01,0.043370872,0.043007771,-0.042504406,0.128530351,-0.020604157,-0.005741974,-6.99E-05,0.039477737,0.05772613,-0.008671324,-0.008477087,-0.019043107,0.09049308,-0.008284971,0.026443137,0.021043476,0.0181,0.0031,0.0223,0.0109,0.0026,0.009091209
2017-05-01,0.075276496,0.052487231,0.385446294,0.085777126,0.008702586,-0.043674511,0.067807533,0.026005037,0.008053289,0.045602105,-0.028123911,0.044601282,0.067678369,0.002663653,0.045812045,0.056274308,0.02,0.0032,0.031,-0.0043,-0.0042,0.011576251
2017-06-01,-0.026763985,-0.037150145,0.001454703,0.060408711,-0.010670674,0.117212676,-0.057213982,-0.013029759,-0.003169226,0.031501006,0.028790299,-0.008428022,-0.05816089,0.025197231,-0.015226205,0.002316783,-0.0118,0.0029,-0.0214,0.0556,0.0418,0.004813775
2017-07-01,0.020433915,0.056950361,0.124169806,-0.105472726,0.05028694,0.000847425,0.032703786,0.054693116,0.121009437,0.003250428,-0.012801464,-0.003276554,0.017016616,0.031747154,0.061633656,0.030212793,-0.001,0.023,0.0407,0.0053,0.0144,0.019348826
2017-08-01,-0.007268879,-0.017863948,0.043561665,0.100256593,0.015965623,-0.102599893,0.106999483,0.033953071,0.016070908,0.003707258,0.03291121,-0.000313066,0.010301417,0.032969793,0.041449325,0.020673371,-0.0155,-0.0081,0.0198,0.0179,-0.004,0.000546433
2017-09-01,-0.019630839,0.000896728,0.055063656,-0.041584702,-0.013980549,-0.01817835,-0.06024384,-0.003744971,-0.0063965,-0.017828946,0.052476427,0.009914123,0.019345903,0.012120096,0.016615125,-0.001010443,0.0173,0.0469,0.0017,0.015,0.0431,0.019302979
2017-10-01,0.149716604,0.117353284,0.156849415,-0.028056309,-0.043889014,0.060559183,0.09680768,0.116660005,0.053783594,0.072302213,-0.017927128,-0.139621879,0.060921076,0.020856082,0.04503994,0.048090316,0.0166,0.022,0.0462,-0.0224,0.0203,0.022188135
2017-11-01,0.06466232,0.113618189,-0.028821158,-0.068410088,0.04227489,0.098745315,0.020277863,0.016983804,-0.015994696,0.005546586,0.043677475,0.003267238,0.003029897,0.039326844,0.025545377,0.024248657,0.059,0.0314,0.0147,0.0236,0.0373,0.028082628
2017-12-01,-0.006186556,0.026336109,-0.035922511,0.008094544,0.02100217,0.03869157,-0.015245879,0.016276703,-0.004063585,0.002798952,-0.001102892,0.026753076,0.016628526,0.020926244,0.01270099,0.008512497,0.0202,0.016,0.0056,-0.0023,0.0143,0.009831631
2018-01-01,0.240638966,0.079493661,0.270284138,0.137979749,-0.053132186,0.090647448,-0.010636283,0.110708227,0.059106836,-0.010950307,0.022639095,0.052958842,0.122289675,0.086609543,0.089545859,0.085878884,0.0632,0.0256,0.0685,0.0638,0.0593,0.056178704
2018-02-01,0.042429086,-0.155628449,-0.014847882,-0.031751856,-0.090572367,-0.017443642,0.068184997,-0.008414913,-0.045855809,-0.05411625,-0.01062664,-0.084894451,-0.066231267,-0.040587553,-0.00866122,-0.034601214,-0.0531,-0.0595,-0.0121,-0.039,-0.0332,-0.038947372
2018-03-01,-0.043049349,-0.005661279,-0.043016539,-0.224246457,0.009679096,-0.005803707,-0.058050618,-0.026661157,-0.103914386,-0.013320064,-0.022583247,0.013396018,-0.060493538,-0.035938759,-0.027004906,-0.043111259,-0.0231,0.0011,-0.0318,-0.02,-0.0267,-0.026884499
2018-04-01,0.082074731,-0.005732345,-0.028887274,0.10434744,-0.07909403,0.029349759,-0.015019948,0.024651875,0.076412837,-0.012953653,0.031558058,0.080778223,-0.017895363,-0.028251421,0.060692022,0.020135394,0.0107,0.0133,-0.0048,-0.0028,0.0044,0.002718775
2018-05-01,0.040539412,-0.061044477,0.122036303,-0.031201083,0.011473441,0.049860846,0.135123991,0.061467474,0.114999993,-0.047298758,-0.008993695,0.011211095,0.079934793,-0.011869947,0.031920412,0.033210653,0.0059,0.0241,0.0576,0.0243,0.0121,0.021608342
2018-06-01,0.043065288,0.037678786,-0.060628915,0.204474368,0.066830686,0.112849361,-0.009418283,-0.002326973,0.013244387,0.014379005,0.009741209,0.027534176,0.02653631,-0.017966574,0.013234534,0.031948491,0.033,0.0012,0.0052,0.0152,-0.01,0.004842436
2018-07-01,0.045675897,0.041797987,0.033600727,-0.130660424,0.045529526,-0.034764038,0.02798337,0.075752831,-0.11187734,0.092137759,0.100606477,0.085173043,0.086814473,0.069174585,0.032389541,0.030622294,0.027,0.0334,0.0233,0.0608,0.0403,0.036021556
2018-08-01,0.13236454,0.08054204,0.146914612,0.011806574,0.025593489,0.071414042,0.200422186,0.062992923,0.018252369,0.023148271,0.048673475,0.041293441,0.003732076,0.047255845,0.075843035,0.066016594,0.0471,-0.0078,0.0672,0.0447,0.0244,0.030263211
2018-09-01,-0.004824322,-0.020342151,0.001211407,-0.12229003,0.003375553,0.030656888,-0.008302951,0.018160754,-0.064132415,0.025836918,0.061416015,0.041318482,-0.020068267,0.013299557,0.02178489,-0.001526645,0.0032,0.0161,0,0.0199,-0.0119,0.004294287
2018-10-01,-0.202191708,0.067830688,-0.249768647,0.274011382,0.074896074,-0.114258517,-0.030477572,-0.066101309,-0.077040088,0.013172351,-0.022917998,0.037637515,-0.096513905,-0.038421875,-0.081550727,-0.034112956,-0.0597,-0.0881,-0.0768,-0.0885,-0.0662,-0.069403356
2018-11-01,0.05767175,-0.0262264,-0.224050082,0.039013458,0.065742133,0.004037488,-0.181197591,0.042683829,-0.073654346,0.056042969,0.081903219,0.077842431,0.017486172,0.059456297,0.02984717,0.001773233,0.0206,0.0243,-0.0103,0.063,0.0306,0.017859357
2018-12-01,-0.111349786,-0.040877482,-0.183136492,-0.050445148,-0.02740478,-0.013045938,-0.116698406,-0.084047261,-0.06770503,-0.121511238,-0.055807956,-0.030178471,-0.058297717,-0.061349693,-0.068943895,-0.072719953,-0.0987,-0.091,-0.0824,-0.0841,-0.1063,-0.091776895
2019-01-01,0.144317139,0.028770898,0.076778853,-0.077463919,0.057800486,0.104396851,0.055154041,0.028157952,0.271569205,0.031228301,-0.018997764,-0.025912814,0.077447995,0.017973856,0.023268184,0.052965951,0.081,0.0904,0.09,0.0501,0.092,0.078684402
2019-02-01,-0.045906003,0.032974974,0.07421912,0.041886562,0.021561068,0.047020406,0.044776625,0.077357516,-0.031435632,0.033560388,0.0212013,0.092167123,0.000586233,-0.029855538,0.099018771,0.031942194,0.0123,0.0423,0.0524,0.0305,0.0276,0.029728889
2019-03-01,0.085935766,-0.009447612,0.164008701,-0.125109438,0.055809153,-0.0152029,0.097025597,0.052753752,0.032455903,0.023053151,-0.020299895,0.030069835,0.044685068,-0.003259431,0.054482931,0.031130705,0.0284,0.0073,0.0327,0.0062,-0.0124,0.017924256
2019-04-01,0.081858778,0.054444788,0.00801964,-0.147109289,0.030578705,0.04298761,0.056435857,0.1073428,0.160237513,0.010086558,-0.043795541,-0.053625018,0.018752769,0.079229122,0.052756076,0.030546691,0.0412,0.0244,0.0607,-0.0305,0.0662,0.039313498
2019-05-01,-0.078613288,-0.008373528,-0.25074789,-0.224265736,-0.033527528,-0.119267831,-0.12421281,-0.049480867,-0.082368114,-0.064820061,0.031476106,0.006352437,-0.077116805,-0.086194168,-0.017343832,-0.078566928,-0.0634,-0.0831,-0.0782,-0.0346,-0.0621,-0.065777731
2019-06-01,0.066791767,0.089215407,0.212387215,0.206848119,0.065494133,0.088281072,0.130519245,0.083117903,0.08750774,0.061990108,0.043352756,0.065648479,-0.021418844,0.071669023,0.075745397,0.088476635,0.0689,0.0736,0.0749,0.0726,0.0675,0.068930164
2019-07-01,-0.014179103,-0.000995657,0.027339616,0.081222526,0.0834877,0.02477672,0.07639451,0.017243867,0.006373035,-0.065048856,-0.103416439,-0.010256519,0.125046081,-0.03041935,0.025640985,0.016213941,0.0116,-0.004,0.0339,-0.0184,0.0161,0.013128152
2019-08-01,-0.048473837,0.040246811,-0.006188674,-0.066222363,0.018553039,-0.015247073,-0.016461261,0.015036835,-0.04407145,-0.006897263,-0.076143395,0.041932807,-0.022713777,-0.018103711,0.01730865,-0.012496311,-0.0063,-0.0226,-0.0236,-0.0037,-0.0439,-0.018091627
2019-09-01,-0.022732777,0.038683606,0.039161889,0.067638802,0.0345172,0.111479218,0.072961567,0.008486865,-0.04087896,0.007946431,0.010689323,-0.020013349,0.025711225,0.028883654,-0.048722614,0.020920805,0.0124,0.0391,0.0098,-0.007,0.0203,0.017181178
2019-10-01,0.023474719,-0.011964766,0.154822716,0.307427273,0.007439777,-0.046528883,0.110684372,0.031216028,0.076201662,0.020559497,0.067909734,0.029460713,0.030840062,0.022791118,0.039823162,0.057610479,0.009,-0.0073,0.0313,0.0443,0.03,0.020431771
2019-11-01,0.013587301,0.015606216,0.078996796,0.047694617,-0.019677239,0.046721761,0.077554222,0.059462509,0.052126302,0.04848964,0.013611629,0.006000443,0.035978643,0.036232634,0.033316834,0.036380154,0.0223,0.0168,0.0462,0.0537,0.0494,0.034047038
2019-12-01,0.026121677,0.002376785,0.085632522,0.267897219,0.023267356,0.083645295,0.098783872,0.041749161,0.017903197,0.060949938,0.017133899,0.050397203,0.027068722,0.027519327,0.018373082,0.05658795,0.0228,0.0303,0.0335,0.0337,0.0237,0.028589819
2020-01-01,0.087063819,-0.036603802,0.00480227,0.555159776,0.003686021,-0.049452045,0.054009934,0.079454748,-0.01627282,0.020566203,-0.039805703,-0.06058255,0.069725781,-0.010583351,0.058914214,0.0480055,0.0086,-0.0326,0.0257,-0.0178,-0.0129,-0.001628093
2020-02-01,-0.062213734,-0.059481211,0.142966356,0.026776587,-0.091397823,-0.069283803,-0.114701515,-0.045688166,-0.046753515,-0.090901376,-0.102577912,-0.103932714,-0.065278708,-0.080060477,-0.085172413,-0.056513362,-0.0737,-0.102,-0.0674,-0.0564,-0.098,-0.084110484
2020-03-01,0.035020555,0.059832328,-0.023956606,-0.215557139,-0.028526013,-0.074289454,-0.069761475,-0.026541533,-0.133371424,-0.024910547,-0.023339415,0.013265714,-0.132387567,-0.120014494,-0.113556267,-0.058539556,-0.0983,-0.1923,-0.1027,-0.0533,-0.189,-0.125119282
2020-04-01,0.268900169,0.069794025,0.108801176,0.492137429,0.078691601,0.053662036,0.155373684,0.136326161,0.227278195,0.144207947,0.175245086,0.031192983,0.158999964,0.035661765,0.109235395,0.149700508,0.157,0.1267,0.1453,0.1309,0.1042,0.126844038
2020-05-01,-0.012784916,0.025139537,0.214657148,0.067938766,-0.016543704,0.133584726,0.093978417,0.025391272,0.099555415,-0.001725173,0.005490158,0.017393581,0.064468754,-0.01086262,0.094264269,0.053329709,0.043,0.0467,0.0794,0.0397,0.0405,0.04528182
2020-06-01,0.129566747,-0.034499405,0.070597065,0.293185662,0.031487259,-0.005376388,0.147386187,0.110559276,0.00879653,-0.054588243,-0.143755006,-0.034381957,-0.010791597,-0.040697674,-0.010602417,0.030459069,0.0381,0.0026,0.0508,-0.0176,0,0.018388397
2020-07-01,0.147113568,0.080313936,0.117606795,0.325010884,0.103515986,-0.004487533,0.165131747,0.007370655,0.117144449,0.036478688,0.188259637,0.037630889,0.049292973,0.098507295,-0.014339702,0.096970018,0.0935,0.0337,0.0671,0.0444,0.0362,0.055101321
2020-08-01,0.090460974,0.077440814,0.259991876,0.741452072,0.054987871,0.148835881,0.216569188,0.102751939,0.155832437,0.059488523,-0.017931459,0.062686974,0.095151102,0.115549789,0.115076082,0.151889604,0.1006,0.0308,0.1008,0.0277,0.072,0.070064667
2020-09-01,-0.087578524,0.00763412,0.011966686,-0.139087326,0.004771208,0.121994788,-0.102526296,-0.067396798,-0.106753128,-0.029528675,-0.028843605,-0.020132468,-0.100599591,-0.023076688,-0.056700818,-0.041057141,-0.04,-0.0226,-0.0489,-0.0151,-0.0292,-0.03922797
